Company,Predicted SDG Component,Percentage Prediction,Keywords
Elantas Beck India Ltd,"GOAL 9: Industry, Innovation and Infrastructure",86.5%,"manufacturing, technology"
KIOCL Limited,"GOAL 9: Industry, Innovation and Infrastructure",96.7%,"technology, construction"
Alkyl Amines Chemicals Ltd,GOAL 12: Responsible Consumption and Production,96.9%,
Lloyds Metals and Energy Limited,GOAL 12: Responsible Consumption and Production,18.4%,sustainable
Tata Steel,GOAL 12: Responsible Consumption and Production,52.8%,"efficiency, sustainable, recycling"
Ambuja Cement,GOAL 12: Responsible Consumption and Production,67.5%,"efficiency, sustainable"
Kansai Nerolac Paints,GOAL 8: Decent Work and Economic Growth,51.3%,innovation
Maharashtra Seamless Ltd,GOAL 12: Responsible Consumption and Production,87.8%,
Grasim Industries,GOAL 12: Responsible Consumption and Production,83.7%,"sustainable, reuse, biodegradable, renewable"
PI Industries,GOAL 12: Responsible Consumption and Production,97.7%,"sustainable, efficiency, renewable"
Chambal Fertilisers & Chemicals Ltd,GOAL 12: Responsible Consumption and Production,87.1%,packaging
Century Plyboards (India) Ltd,GOAL 8: Decent Work and Economic Growth,55.0%,"innovation, prosperity, workforce"
MOIL Ltd,GOAL 12: Responsible Consumption and Production,83.1%,
Vinati Organics Ltd,GOAL 12: Responsible Consumption and Production,99.0%,
Bayer CropScience Limited,GOAL 12: Responsible Consumption and Production,96.7%,"sustainable, efficiency"
Asian Paints,GOAL 12: Responsible Consumption and Production,98.5%,"sustainable, efficiency, packaging, renewable"
Vedanta,GOAL 7: Affordable and Clean Energy,93.9%,"sustainable, renewable"
Himadri Speciality Chemical Ltd,GOAL 12: Responsible Consumption and Production,95.1%,"sustainable, efficiency"
Fine Organic Industries Ltd,GOAL 12: Responsible Consumption and Production,97.7%,"efficiency, sustainable"
Sandur Manganese & Iron Ores Ltd,GOAL 12: Responsible Consumption and Production,97.9%,"sustainable, renewable, efficiency"
EID Parry (India) Ltd,"GOAL 9: Industry, Innovation and Infrastructure",51.3%,"efficiency, research, manufacturing, technology"
Electrosteel Castings Ltd,GOAL 8: Decent Work and Economic Growth,65.0%,enterprise
Welspun Corp Ltd,GOAL 12: Responsible Consumption and Production,61.9%,"recycling, sustainable, renewable"
Solar Industries India Limited,GOAL 7: Affordable and Clean Energy,94.6%,"solar, sustainable, conservation, efficiency"
Supreme Petrochem Ltd,GOAL 12: Responsible Consumption and Production,83.9%,
Hindustan Copper Limited,GOAL 8: Decent Work and Economic Growth,46.4%,
Steel Authority of India Limited,GOAL 12: Responsible Consumption and Production,96.9%,"efficiency, sustainable, recycling"
Tata Chemicals,GOAL 12: Responsible Consumption and Production,98.2%,"sustainable, packaging, renewable, efficiency"
Birla Corporation Ltd,GOAL 12: Responsible Consumption and Production,54.8%,efficiency
Godawari Power & Ispat Ltd,GOAL 12: Responsible Consumption and Production,98.5%,"sustainable, efficiency"
Jai Balaji Industries Ltd,GOAL 13: Climate Action,64.4%,policy
Shyam Metalics & Energy Ltd,GOAL 12: Responsible Consumption and Production,96.5%,efficiency
JKCement,GOAL 12: Responsible Consumption and Production,94.4%,"sustainable, renewable, efficiency"
JSW Steel,GOAL 12: Responsible Consumption and Production,91.2%,"sustainable, renewable, efficiency, packaging, recycling"
JK Paper Ltd,"GOAL 9: Industry, Innovation and Infrastructure",72.3%,"technology, manufacturing, logistics"
JK Tyre & Industries Ltd,"GOAL 9: Industry, Innovation and Infrastructure",98.5%,"manufacturing, technology, automation, research"
Jindal Saw Ltd,GOAL 12: Responsible Consumption and Production,96.1%,sustainable
Galaxy Surfactants Ltd,"GOAL 9: Industry, Innovation and Infrastructure",33.6%,"research, efficiency, manufacturing"
APL Apollo Tubes,"GOAL 16: Peace, Justice and Strong Institutions",76.9%,"governance, transparency, accountability, law"
Coromandel,GOAL 12: Responsible Consumption and Production,88.9%,sustainable
Usha Martin Ltd,GOAL 12: Responsible Consumption and Production,98.3%,"sustainable, efficiency"
RCF,GOAL 12: Responsible Consumption and Production,98.1%,"sustainable, recycling, packaging, renewable"
Deepak Nitrite Limited,GOAL 12: Responsible Consumption and Production,75.4%,"sustainable, efficiency"
Star Cement Ltd,GOAL 12: Responsible Consumption and Production,72.8%,"sustainable, efficiency"
Hindalco,GOAL 12: Responsible Consumption and Production,41.0%,"packaging, recycling, renewable, sustainable, efficiency"
Jindal Steel & Power,GOAL 8: Decent Work and Economic Growth,54.3%,
Akzo Nobel India Ltd,GOAL 12: Responsible Consumption and Production,97.8%,
PCBL,GOAL 12: Responsible Consumption and Production,61.2%,"efficiency, recycling, sustainable"
GNFC,GOAL 12: Responsible Consumption and Production,92.5%,sustainable
UPL,GOAL 12: Responsible Consumption and Production,86.5%,"sustainable, efficiency"
Navin Fluorine International Ltd,GOAL 12: Responsible Consumption and Production,94.3%,"sustainable, recycling, renewable, packaging, efficiency"
Hindustan Zinc,GOAL 12: Responsible Consumption and Production,95.4%,"sustainable, renewable"
BASF India,GOAL 12: Responsible Consumption and Production,97.7%,"sustainable, efficiency"
JK Lakshmi Cement Ltd,GOAL 13: Climate Action,44.8%,"resilience, emissions, policy"
Dalmia Bharat Limited,"GOAL 9: Industry, Innovation and Infrastructure",96.2%,"manufacturing, construction, automation, efficiency, technology, logistics"
Linde India Limited,GOAL 5: Gender Equality,94.9%,equity
Jindal Stainless,GOAL 12: Responsible Consumption and Production,93.6%,"sustainable, efficiency, renewable, recycling, reuse"
Pidilite,GOAL 11: Sustainable Cities and Communities,62.3%,
Berger Paints India Limited,"GOAL 9: Industry, Innovation and Infrastructure",98.9%,"manufacturing, logistics, construction, efficiency, technology, automation"
NMDC,GOAL 11: Sustainable Cities and Communities,15.4%,
Century Textiles and Industries Limited,GOAL 12: Responsible Consumption and Production,40.8%,"sustainable, efficiency"
Shree cement Ltd,GOAL 12: Responsible Consumption and Production,73.6%,"sustainable, efficiency"
Indigo,"GOAL 9: Industry, Innovation and Infrastructure",44.1%,
ACC Limited,GOAL 11: Sustainable Cities and Communities,92.6%,
Aarti Industries Limited,GOAL 8: Decent Work and Economic Growth,51.8%,
