Company,Predicted SDG Component,Percentage Prediction,Keywords
Life Healthcare,GOAL 12: Responsible Consumption and Production,97.8%,sustainable
Ascendis Health,GOAL 12: Responsible Consumption and Production,95.1%,
Afrocentric,GOAL 12: Responsible Consumption and Production,82.5%,
Adcock Ingram,GOAL 3: Good Health and Well-being,86.6%,"healthcare, treatment, hospitals"
Newpark,"GOAL 9: Industry, Innovation and Infrastructure",73.3%,
Netcare,"GOAL 9: Industry, Innovation and Infrastructure",92.9%,
Dischem,GOAL 3: Good Health and Well-being,64.7%,
Aspen-,GOAL 11: Sustainable Cities and Communities,15.4%,
