Company,Predicted SDG Component,Percentage Prediction,Keywords
Newpark,GOAL 11: Sustainable Cities and Communities,71.7%,
Aspen-,GOAL 11: Sustainable Cities and Communities,15.4%,
Afrocentric,GOAL 12: Responsible Consumption and Production,58.8%,
Life Healthcare,GOAL 8: Decent Work and Economic Growth,70.8%,
Adcock Ingram,GOAL 12: Responsible Consumption and Production,73.8%,
Netcare,GOAL 3: Good Health and Well-being,99.4%,
Ascendis Health,"GOAL 16: Peace, Justice and Strong Institutions",50.8%,governance
Dischem,GOAL 3: Good Health and Well-being,68.5%,
