Company,Predicted SDG Component,Percentage Prediction,Keywords
Argent Industrial Limited,GOAL 12: Responsible Consumption and Production,45.9%,
York Timbers,GOAL 12: Responsible Consumption and Production,88.3%,
Wesizwe,GOAL 8: Decent Work and Economic Growth,49.5%,
PPC,GOAL 12: Responsible Consumption and Production,43.6%,
AngloAmerican,GOAL 12: Responsible Consumption and Production,73.0%,"sustainable, renewable"
Northam,GOAL 3: Good Health and Well-being,93.8%,
South32,GOAL 12: Responsible Consumption and Production,51.1%,
Implats,GOAL 11: Sustainable Cities and Communities,15.4%,
Sabvest Capital Limited,GOAL 8: Decent Work and Economic Growth,52.0%,
Sasol,GOAL 13: Climate Action,72.2%,"resilience, emissions"
Salungano Group,GOAL 12: Responsible Consumption and Production,90.3%,
Jubilee Metals Group,GOAL 12: Responsible Consumption and Production,71.7%,
BHP,GOAL 12: Responsible Consumption and Production,91.0%,packaging
Randgold-Exploration-Company-Ltd-,GOAL 12: Responsible Consumption and Production,84.4%,
Merafe Resources,GOAL 8: Decent Work and Economic Growth,53.7%,employment
Glencore,GOAL 12: Responsible Consumption and Production,90.9%,sustainable
Kore Potash PLC,GOAL 12: Responsible Consumption and Production,97.9%,
AngloGold Ashanti,GOAL 12: Responsible Consumption and Production,89.2%,"efficiency, sustainable"
ArcelorMittal,GOAL 12: Responsible Consumption and Production,88.3%,
DRDGold,GOAL 12: Responsible Consumption and Production,92.0%,
orion Minerals,GOAL 12: Responsible Consumption and Production,98.4%,"sustainable, renewable"
B2Gold,GOAL 12: Responsible Consumption and Production,97.5%,sustainable
Sibanye Stillwater,GOAL 12: Responsible Consumption and Production,97.6%,efficiency
Andrada,GOAL 12: Responsible Consumption and Production,79.7%,
Goldfields,"GOAL 9: Industry, Innovation and Infrastructure",41.0%,construction
Brikor,GOAL 12: Responsible Consumption and Production,39.5%,efficiency
Gemfields,GOAL 8: Decent Work and Economic Growth,75.7%,
ARM-,GOAL 11: Sustainable Cities and Communities,15.4%,
Afrimat,GOAL 3: Good Health and Well-being,85.4%,
Pan-African Resources,GOAL 12: Responsible Consumption and Production,46.9%,
Mondi,GOAL 12: Responsible Consumption and Production,73.1%,"sustainable, packaging"
Kumba Iron Ore,GOAL 12: Responsible Consumption and Production,95.1%,
SEAM,GOAL 12: Responsible Consumption and Production,86.9%,
Harmony,GOAL 12: Responsible Consumption and Production,19.6%,
AECI,GOAL 12: Responsible Consumption and Production,88.0%,
