Company,Predicted SDG Component,Percentage Prediction,Keywords
Libstar,"GOAL 16: Peace, Justice and Strong Institutions",41.9%,governance
BAT,GOAL 12: Responsible Consumption and Production,90.2%,sustainable
AH_VEST,GOAL 8: Decent Work and Economic Growth,49.7%,
Astral,GOAL 2: Zero Hunger,89.0%,"sustainability, agriculture"
ABInBev,GOAL 12: Responsible Consumption and Production,92.7%,"sustainable, packaging, efficiency"
Curro,GOAL 12: Responsible Consumption and Production,89.7%,sustainable
Brimstone,GOAL 8: Decent Work and Economic Growth,45.2%,
AVI,"GOAL 9: Industry, Innovation and Infrastructure",79.4%,
Choppies,GOAL 12: Responsible Consumption and Production,86.3%,
Crookes Brothers,GOAL 5: Gender Equality,99.5%,"women, equity, rights, empowerment"
ADvTech,"GOAL 9: Industry, Innovation and Infrastructure",85.5%,research
Oceana Group,GOAL 8: Decent Work and Economic Growth,89.2%,workforce
Quantum Foods,GOAL 12: Responsible Consumption and Production,71.3%,
RCL Foods,GOAL 8: Decent Work and Economic Growth,54.9%,
Sea Harvest Group,GOAL 2: Zero Hunger,70.2%,
