Company,Predicted SDG Component,Percentage Prediction,Keywords
Netcare,GOAL 3: Good Health and Well-being,97.0%,"healthcare, hospitals"
Afrocentric,GOAL 12: Responsible Consumption and Production,52.1%,
Newpark,GOAL 11: Sustainable Cities and Communities,73.3%,
Adcock Ingram,GOAL 3: Good Health and Well-being,95.6%,"healthcare, hygiene, treatment, hospitals"
Dischem,GOAL 1: No Poverty,54.1%,economic
Aspen,GOAL 11: Sustainable Cities and Communities,15.4%,
Life Healthcare,GOAL 11: Sustainable Cities and Communities,15.4%,
Ascendis Health,GOAL 12: Responsible Consumption and Production,93.1%,
