Company,Predicted SDG Component,Percentage Prediction,Keywords
Master Drilling,GOAL 7: Affordable and Clean Energy,94.3%,efficiency
Adcorp,GOAL 7: Affordable and Clean Energy,97.6%,sustainable
KAP,"GOAL 9: Industry, Innovation and Infrastructure",29.2%,
Workfore,GOAL 12: Responsible Consumption and Production,97.6%,
Frontier Transport Holdings,GOAL 12: Responsible Consumption and Production,51.2%,
Omnia,GOAL 12: Responsible Consumption and Production,78.0%,sustainable
Aveng,GOAL 12: Responsible Consumption and Production,93.3%,
WBHO,GOAL 12: Responsible Consumption and Production,87.7%,
Metrofile Group,GOAL 11: Sustainable Cities and Communities,15.4%,
CAS,GOAL 12: Responsible Consumption and Production,72.4%,sustainable
South Ocean Holdings,GOAL 8: Decent Work and Economic Growth,66.5%,
DRA Global,"GOAL 16: Peace, Justice and Strong Institutions",79.8%,"governance, law"
Hulamin,GOAL 12: Responsible Consumption and Production,45.6%,
Celcius resources,GOAL 12: Responsible Consumption and Production,87.1%,
Reunert,GOAL 11: Sustainable Cities and Communities,15.4%,
Santova,"GOAL 9: Industry, Innovation and Infrastructure",83.7%,logistics
Invicta,GOAL 12: Responsible Consumption and Production,85.2%,"sustainable, efficiency, recycling"
Deneb,GOAL 2: Zero Hunger,61.3%,
enX Group,GOAL 8: Decent Work and Economic Growth,51.9%,
Raubex,GOAL 12: Responsible Consumption and Production,98.2%,renewable
Barloworld,GOAL 8: Decent Work and Economic Growth,53.6%,
HCI,GOAL 12: Responsible Consumption and Production,95.9%,
Hudaco,GOAL 12: Responsible Consumption and Production,60.0%,
Bell,"GOAL 9: Industry, Innovation and Infrastructure",96.5%,
Murray & Roberts,GOAL 12: Responsible Consumption and Production,45.5%,
Insimbi,GOAL 12: Responsible Consumption and Production,98.5%,
