Company,Predicted SDG Component,Percentage Prediction,Keywords
Life Healthcare,GOAL 12: Responsible Consumption and Production,97.8%,sustainable
Dischem,GOAL 3: Good Health and Well-being,98.8%,healthcare
Adcock Ingram,"GOAL 9: Industry, Innovation and Infrastructure",92.5%,
Ascendis Health,GOAL 8: Decent Work and Economic Growth,36.2%,workforce
Newpark,"GOAL 9: Industry, Innovation and Infrastructure",43.2%,
Afrocentric,GOAL 12: Responsible Consumption and Production,89.5%,
Netcare,"GOAL 9: Industry, Innovation and Infrastructure",90.0%,
Aspen-,GOAL 11: Sustainable Cities and Communities,15.4%,
