Company,Predicted SDG Component,Percentage Prediction,Keywords
KFin Technologies Ltd,GOAL 11: Sustainable Cities and Communities,15.4%,
Infibeam Avenues Ltd,"GOAL 9: Industry, Innovation and Infrastructure",99.0%,"technology, efficiency, broadband"
KPIT Technologies Limited,GOAL 8: Decent Work and Economic Growth,39.1%,"productivity, enterprise, workforce, innovation"
Intellect Design Arena Ltd,"GOAL 9: Industry, Innovation and Infrastructure",98.8%,"technology, research"
Birlasoft Ltd,GOAL 12: Responsible Consumption and Production,93.8%,"sustainable, efficiency"
Dixon Technologies India Ltd,GOAL 12: Responsible Consumption and Production,55.1%,sustainable
Persistent,GOAL 12: Responsible Consumption and Production,86.0%,efficiency
WIPRO,GOAL 12: Responsible Consumption and Production,80.1%,sustainable
Zen Technologies Ltd,GOAL 12: Responsible Consumption and Production,96.8%,sustainable
Tanla Platforms Ltd,GOAL 5: Gender Equality,73.2%,"equity, rights"
Redington Ltd,GOAL 12: Responsible Consumption and Production,64.2%,"renewable, recycling"
Astra Microwave Products Ltd,GOAL 12: Responsible Consumption and Production,98.3%,efficiency
Oracle,"GOAL 9: Industry, Innovation and Infrastructure",99.0%,"technology, automation"
Sterling & Wilson Renewable Energy Ltd,GOAL 7: Affordable and Clean Energy,98.4%,"solar, efficiency, renewable"
Zensar Technologies Ltd,"GOAL 9: Industry, Innovation and Infrastructure",93.0%,"efficiency, research, automation, technology"
Computer Age Management Services Ltd,"GOAL 16: Peace, Justice and Strong Institutions",58.6%,governance
Ultra Tech,GOAL 8: Decent Work and Economic Growth,41.1%,innovation
Mphasis,"GOAL 9: Industry, Innovation and Infrastructure",69.8%,"research, technology, manufacturing"
Firstsource Solutions Ltd,"GOAL 9: Industry, Innovation and Infrastructure",85.2%,"technology, construction"
Happiest Minds,"GOAL 16: Peace, Justice and Strong Institutions",97.7%,governance
Tech Mahindra,"GOAL 9: Industry, Innovation and Infrastructure",87.2%,"technology, efficiency"
HCL Tech,"GOAL 9: Industry, Innovation and Infrastructure",96.5%,"technology, patents, manufacturing, research, efficiency"
Newgen Software Technologies Ltd,GOAL 8: Decent Work and Economic Growth,56.1%,employment
L&T Technology Services,GOAL 12: Responsible Consumption and Production,98.3%,efficiency
Infosys,GOAL 12: Responsible Consumption and Production,92.4%,efficiency
Sonata Software Ltd,GOAL 12: Responsible Consumption and Production,96.4%,
eClerx Services Ltd,GOAL 8: Decent Work and Economic Growth,44.0%,"workforce, productivity"
ABB Limited,GOAL 7: Affordable and Clean Energy,84.6%,"electrification, solar"
Coforge,GOAL 12: Responsible Consumption and Production,59.6%,
Tata Elxsi Limited,GOAL 12: Responsible Consumption and Production,50.6%,efficiency
