Company,Predicted SDG Component,Percentage Prediction,Keywords
Jaiprakash Power Ventures Ltd,"GOAL 9: Industry, Innovation and Infrastructure",25.0%,"technology, manufacturing, efficiency, construction"
Escorts,"GOAL 9: Industry, Innovation and Infrastructure",73.0%,"technology, automation, manufacturing, construction, research"
Blue Dart Express Ltd,GOAL 8: Decent Work and Economic Growth,80.5%,employment
Jupiter Wagons,GOAL 12: Responsible Consumption and Production,93.0%,
Honeywell,GOAL 12: Responsible Consumption and Production,97.8%,
Suzlon Energy Ltd,GOAL 10: Reduced Inequality,72.1%,equity
Kajaria,"GOAL 9: Industry, Innovation and Infrastructure",78.2%,"technology, manufacturing, construction, efficiency"
Rites Ltd,"GOAL 9: Industry, Innovation and Infrastructure",46.8%,"technology, construction"
Graphite India Ltd,GOAL 12: Responsible Consumption and Production,95.3%,sustainable
BLS International Services Ltd,"GOAL 9: Industry, Innovation and Infrastructure",59.5%,"technology, efficiency, manufacturing, construction"
Olectra Greentech Ltd,GOAL 12: Responsible Consumption and Production,39.7%,efficiency
Lakshmi Machine Works Ltd,GOAL 12: Responsible Consumption and Production,78.4%,efficiency
Quess Corp Ltd,GOAL 12: Responsible Consumption and Production,95.0%,efficiency
Gujarat Mineral Development Corporation Ltd,GOAL 12: Responsible Consumption and Production,94.9%,
H.G. Infra Engineering Ltd,"GOAL 9: Industry, Innovation and Infrastructure",70.4%,"construction, technology"
PNC Infratech Ltd,GOAL 12: Responsible Consumption and Production,53.8%,sustainable
AIA Engineering Limited,GOAL 12: Responsible Consumption and Production,72.0%,sustainable
KNR Constructions Ltd,GOAL 12: Responsible Consumption and Production,70.2%,efficiency
Polycab,GOAL 12: Responsible Consumption and Production,91.9%,"sustainable, efficiency"
Shipping Corporation of India Ltd,GOAL 12: Responsible Consumption and Production,98.1%,"recycling, efficiency"
Carborundum Universal Limited,"GOAL 9: Industry, Innovation and Infrastructure",81.5%,"technology, efficiency, manufacturing, research"
Titagarh Rail Systems Ltd,GOAL 8: Decent Work and Economic Growth,52.0%,
Inox Wind Ltd,GOAL 12: Responsible Consumption and Production,97.3%,
Triveni Turbine Ltd,GOAL 12: Responsible Consumption and Production,61.2%,"efficiency, sustainable"
3M India Limited,GOAL 12: Responsible Consumption and Production,98.2%,"sustainable, efficiency, packaging"
SKF India Limited,GOAL 12: Responsible Consumption and Production,42.2%,efficiency
Ircon,"GOAL 9: Industry, Innovation and Infrastructure",94.9%,"construction, technology"
ACE,GOAL 5: Gender Equality,98.6%,"equity, rights"
Engineers India Ltd,"GOAL 9: Industry, Innovation and Infrastructure",78.3%,"efficiency, construction, technology, manufacturing, research"
Genus Power Infrastructures,GOAL 13: Climate Action,45.7%,"policy, mitigation"
Voltamp Transformers Ltd,GOAL 12: Responsible Consumption and Production,92.0%,sustainable
Cochin Shipyard Limited,"GOAL 9: Industry, Innovation and Infrastructure",35.5%,"construction, technology, research"
Nava Ltd,GOAL 8: Decent Work and Economic Growth,81.2%,employment
Voltas Limited,GOAL 12: Responsible Consumption and Production,95.6%,"sustainable, efficiency"
Kirloskar Oil Engines,GOAL 3: Good Health and Well-being,44.3%,
V-Guard Industries Ltd,"GOAL 9: Industry, Innovation and Infrastructure",79.9%,"manufacturing, technology, efficiency, construction"
Techno Electric & Engineering Company Ltd,GOAL 12: Responsible Consumption and Production,49.5%,"sustainable, renewable"
Vesuvius India Ltd,GOAL 8: Decent Work and Economic Growth,41.9%,
CG Power and Industrial Solutions Limited,GOAL 12: Responsible Consumption and Production,95.6%,sustainable
Kirloskar Ferrous Industries Ltd,GOAL 12: Responsible Consumption and Production,32.2%,
IRB,GOAL 12: Responsible Consumption and Production,91.8%,sustainable
Larsen & Toubro,"GOAL 16: Peace, Justice and Strong Institutions",78.4%,"governance, accountability, law"
Transformers & Rectifiers India Ltd,GOAL 12: Responsible Consumption and Production,54.9%,
Ingersoll-Rand (India) Ltd,GOAL 8: Decent Work and Economic Growth,63.7%,"innovation, workforce"
Garden Reach Shipbuilders & Engineers Ltd,GOAL 12: Responsible Consumption and Production,27.8%,sustainable
ISGEC Heavy Engineering Ltd,GOAL 12: Responsible Consumption and Production,84.2%,sustainable
Havells,GOAL 8: Decent Work and Economic Growth,38.6%,"employment, workforce, enterprise"
GMR Infrastructure Limited,GOAL 8: Decent Work and Economic Growth,25.9%,enterprise
Elecon Engineering Company Ltd,"GOAL 9: Industry, Innovation and Infrastructure",88.0%,"technology, construction"
Thermax,GOAL 12: Responsible Consumption and Production,97.4%,sustainable
Kirloskar Brothers Ltd,GOAL 12: Responsible Consumption and Production,43.1%,"efficiency, renewable, sustainable"
Bharat Dynamics Limited,"GOAL 9: Industry, Innovation and Infrastructure",54.5%,technology
Supreme,GOAL 8: Decent Work and Economic Growth,55.7%,employment
Apar Industries Limited,GOAL 8: Decent Work and Economic Growth,48.0%,employment
Ramkrishna Forgings Ltd,GOAL 12: Responsible Consumption and Production,59.9%,
BEML,GOAL 13: Climate Action,35.6%,policy
Indian railway catering and tourism corporation LTD,GOAL 12: Responsible Consumption and Production,93.6%,"efficiency, sustainable, biodegradable"
Rail Vikas Nigam Limited,GOAL 12: Responsible Consumption and Production,89.5%,
KSB Ltd,"GOAL 9: Industry, Innovation and Infrastructure",79.0%,
Finolex Industries,GOAL 8: Decent Work and Economic Growth,41.6%,"workforce, employment"
CRISIL,GOAL 12: Responsible Consumption and Production,95.6%,"sustainable, efficiency"
Great Eastern Shipping Company Ltd,GOAL 12: Responsible Consumption and Production,53.2%,"efficiency, sustainable"
Adani Ports and Logistics,GOAL 7: Affordable and Clean Energy,96.7%,"renewable, sustainable, efficiency"
Kalpataru Projects,GOAL 12: Responsible Consumption and Production,92.9%,"efficiency, sustainable"
Gravita India Ltd,GOAL 12: Responsible Consumption and Production,97.2%,recycling
Finolex Cables Limited,GOAL 12: Responsible Consumption and Production,89.6%,
Cera Sanitaryware Ltd,GOAL 12: Responsible Consumption and Production,55.6%,packaging
Siemens,"GOAL 9: Industry, Innovation and Infrastructure",88.1%,"manufacturing, logistics, digitalization, automation, technology, efficiency"
Astral Limited,GOAL 12: Responsible Consumption and Production,81.8%,sustainable
NCC Limited,GOAL 12: Responsible Consumption and Production,39.7%,
Ashok Leyland,GOAL 7: Affordable and Clean Energy,85.7%,sustainable
GE T&D India Limited,GOAL 12: Responsible Consumption and Production,97.9%,"sustainable, efficiency, packaging"
KEI Industries,GOAL 12: Responsible Consumption and Production,66.4%,renewable
Grindwell Norton,GOAL 12: Responsible Consumption and Production,89.9%,efficiency
Bharat Electronics,GOAL 12: Responsible Consumption and Production,95.2%,
Praj Industries Ltd,"GOAL 9: Industry, Innovation and Infrastructure",88.9%,"manufacturing, technology, digitalization, efficiency"
HBL Power Systems Ltd,GOAL 12: Responsible Consumption and Production,34.1%,
Bharat Heavy Electricals Limited,GOAL 12: Responsible Consumption and Production,90.2%,"sustainable, efficiency"
Cyient,"GOAL 9: Industry, Innovation and Infrastructure",98.8%,"technology, automation, research, manufacturing, efficiency"
Esab India Ltd,GOAL 12: Responsible Consumption and Production,57.9%,
Concor,"GOAL 9: Industry, Innovation and Infrastructure",30.8%,"logistics, technology"
RHI Magnesita India Ltd,GOAL 12: Responsible Consumption and Production,64.5%,sustainable
